Fecha de vencimiento,Estado de mora,Cuota - Monto,Cuota - Saldo
2025-10-10,Mora preventiva,369568.75,
2025-10-10,Mora preventiva,283336.04,
2025-10-10,Mora preventiva,246379.17,
2025-10-10,Mora preventiva,123189.58,
2025-10-10,Mora preventiva,369568.75,
2025-10-10,Mora temprana,369568.75,
2025-10-10,Mora temprana,257909.72,
2025-10-10,Mora temprana,307973.95,
2025-10-10,Mora preventiva,307973.95,
2025-10-10,Mora preventiva,147827.5,
2025-11-10,Mora preventiva,369568.75,
2025-11-10,Mora preventiva,246379.17,
2025-11-10,Mora media,307973.96,
2025-11-10,Mora preventiva,369568.75,
2025-11-10,Mora media,203702.69,
2025-11-10,Mora temprana,416178.59,
2025-11-10,Mora media,307973.95,
2025-11-10,Mora media,300605.82,
2025-11-10,Mora media,331279.32,
2025-11-10,Mora media,147827.5,
2025-11-10,Mora temprana,369568.75,
2025-11-10,Mora temprana,265023.46,
2025-11-10,Mora temprana,246379.17,
2025-11-10,Mora temprana,307973.96,
2025-11-10,Mora media,291525.8,
2025-11-10,Mora media,338100.7,
2025-11-10,Mora temprana,291525.8,
2025-11-10,Mora media,248479.17,
2025-11-10,Mora media,283336.04,
2025-11-10,Mora preventiva,123189.58,
2025-11-10,Mora preventiva,246379.17,
2025-11-10,Mora preventiva,369568.75,
2025-11-24,Incobrable,10000000.0,
2025-12-10,Mora temprana,147827.5,
2025-12-10,Incobrable,278673.04,
2025-12-10,Mora temprana,132511.73,
2025-12-10,Mora temprana,307973.96,
2025-12-10,Mora temprana,416178.6,
2025-12-10,Mora tardia,374209.84,
2025-12-10,Mora tardia,182278.18,
2025-12-10,Mora temprana,181705.54,
2025-12-10,Mora temprana,369568.75,
2025-12-10,Mora temprana,331279.32,
2025-12-10,Mora tardia,291525.8,
2025-12-10,Mora temprana,662558.65,
2025-12-10,Mora temprana,246379.16,
2025-12-10,Incobrable,344429.44,
2025-12-10,Mora temprana,246379.17,
2025-12-10,Mora tardia,447399.93,
2025-12-10,Mora temprana,123189.59,
2025-12-10,Mora temprana,246379.16,
2025-12-10,Mora temprana,307973.96,
2025-12-10,Mora temprana,265023.46,
2025-12-10,Mora temprana,369568.75,
2025-12-10,Mora temprana,265023.46,
2025-12-10,Mora temprana,203702.7,
2025-12-10,Mora temprana,369568.75,
2025-12-10,Mora temprana,795070.38,
2025-12-10,Mora temprana,248479.17,
2025-12-10,Mora temprana,283336.04,
2025-12-10,Mora temprana,291525.8,
2025-12-10,Mora temprana,307973.96,
2025-12-23,Incobrable,10000000.0,
2025-12-28,Incobrable,20918626.56,
2026-01-10,Mora media,307973.96,
2026-01-10,Mora tardia,406835.28,
2026-01-10,Mora tardia,212531.87,
2026-01-10,Incobrable,340263.82,
2026-01-10,Mora tardia,320392.28,
2026-01-10,Mora tardia,630006.5,
2026-01-10,Incobrable,328363.0,328363.0
2026-01-10,Mora media,181705.53,
2026-01-10,Mora media,248479.17,
2026-01-10,Mora media,132511.73,
2026-01-10,Mora media,246379.16,
2026-01-10,Mora media,331279.32,
2026-01-10,Mora media,246379.16,
2026-01-10,Mora media,248479.16,
2026-01-10,Mora media,156563.43,
2026-01-10,Mora media,124239.58,
2026-01-10,Mora media,795070.37,
2026-01-10,Mora media,666662.01,
2026-01-10,Mora media,369568.75,
2026-01-10,Mora media,369568.75,
2026-01-10,Mora media,291525.8,
2026-01-10,Mora media,147827.5,
2026-01-10,Mora media,369568.75,
2026-01-10,Mora media,246379.16,
2026-01-10,Mora media,307973.96,
2026-01-10,Mora media,203702.7,
2026-01-10,Mora media,416178.6,
2026-01-10,Mora media,123189.59,
2026-01-10,Mora media,372718.75,
2026-01-10,Mora media,310598.95,
2026-01-10,Mora media,265023.46,
2026-01-10,Mora media,186359.37,
2026-01-10,Mora media,283336.04,
2026-01-10,Mora media,307973.96,
2026-01-10,Mora media,265023.46,
2026-01-10,Mora media,662558.64,
2026-01-10,Mora media,377079.56,
2026-01-10,Mora tardia,300605.82,
2026-01-24,Incobrable,10000000.0,
2026-01-28,Mora tardia,20918626.56,
2026-02-10,Mora tardia,307973.96,
2026-02-10,Mora tardia,186359.38,
2026-02-10,Mora tardia,291525.8,
2026-02-10,Mora tardia,372718.75,
2026-02-10,Mora tardia,246379.16,
2026-02-10,Mora tardia,369568.75,
2026-02-10,Mora tardia,312200.48,237315.48
2026-02-10,Mora tardia,205941.41,139438.41
2026-02-10,Mora tardia,124239.58,
2026-02-10,Mora tardia,203702.69,
2026-02-10,Mora tardia,372718.75,
2026-02-10,Mora tardia,331279.32,
2026-02-10,Mora tardia,310598.96,
2026-02-10,Mora tardia,369568.75,
2026-02-10,Mora tardia,248479.16,
2026-02-10,Mora tardia,848605.12,
2026-02-10,Mora tardia,405262.93,
2026-02-10,Incobrable,318130.44,318130.44
2026-02-10,Mora tardia,494821.41,
2026-02-10,Mora media,406322.36,
2026-02-10,Mora tardia,666662.01,
2026-02-10,Mora tardia,147827.5,
2026-02-10,Mora tardia,123189.58,
2026-02-10,Mora tardia,246379.16,
2026-02-10,Mora tardia,132511.73,
2026-02-10,Mora tardia,246379.16,
2026-02-10,Mora tardia,181705.53,
2026-02-10,Mora tardia,265023.46,
2026-02-10,Mora tardia,186359.37,
2026-02-10,Mora tardia,307973.96,
2026-02-10,Mora tardia,265023.46,
2026-02-10,Mora tardia,215632.27,
2026-02-10,Mora tardia,283336.04,
2026-02-10,Mora tardia,208089.31,
2026-02-10,Mora tardia,156751.31,
2026-02-10,Mora tardia,310598.95,
2026-02-10,Mora tardia,380949.72,
2026-02-10,Incobrable,339877.86,
2026-02-10,Mora tardia,372718.75,
2026-02-10,Mora tardia,795070.38,
2026-02-10,Mora tardia,416178.6,
2026-02-10,Mora tardia,248479.17,
2026-02-10,Mora tardia,369568.75,
2026-02-10,Mora tardia,172505.83,
2026-02-24,Incobrable,10000000.0,
2026-02-28,Mora tardia,20918626.56,
2026-03-10,Mora media,307973.96,
2026-03-10,Mora media,247266.12,
2026-03-10,Mora media,307973.96,
2026-03-10,Mora media,265023.45,
2026-03-10,Mora media,156563.42,
2026-03-10,Mora media,283336.04,
2026-03-10,Mora media,310598.96,
2026-03-10,Mora media,310598.96,
2026-03-10,Mora media,416178.6,
2026-03-10,Mora media,172505.83,
2026-03-10,Mora media,203702.69,
2026-03-10,Mora media,369568.74,
2026-03-10,Mora media,369568.74,
2026-03-10,Mora media,248479.16,
2026-03-10,Mora media,372718.75,
2026-03-10,Mora media,186359.37,
2026-03-10,Mora media,372718.75,
2026-03-10,Mora media,952374.3,
2026-03-10,Mora media,380949.72,
2026-03-10,Mora tardia,186359.38,
2026-03-10,Mora tardia,736779.63,
2026-03-10,Mora media,369568.74,
2026-03-10,Mora media,147827.5,
2026-03-10,Mora media,372718.75,
2026-03-10,Mora media,666662.01,
2026-03-10,Mora tardia,215632.28,
2026-03-10,Mora media,246379.17,
2026-03-10,Mora media,123189.58,
2026-03-10,Mora media,291525.8,
2026-03-10,Mora media,307973.96,
2026-03-10,Mora media,795070.37,
2026-03-10,Mora media,124239.59,
2026-03-10,Mora media,181705.53,
2026-03-10,Mora media,331279.33,
2026-03-10,Mora media,246379.17,
2026-03-10,Mora media,372718.75,
2026-03-10,Mora media,132511.73,
2026-03-10,Mora tardia,308580.06,308580.06
2026-03-10,Mora media,265023.46,
2026-03-10,Mora tardia,303809.82,303809.82
2026-03-10,Mora tardia,248479.16,
2026-03-10,Mora tardia,199776.14,199776.14
2026-03-10,Mora media,222453.7,
2026-03-10,Mora tardia,424176.3,
2026-03-10,Mora media,371728.41,
2026-03-10,Mora tardia,351154.77,
2026-03-24,Incobrable,10000000.0,
2026-03-28,Mora tardia,20918626.56,
2026-04-10,Mora tardia,223631.25,
2026-04-10,Mora media,193185.69,193185.69
2026-04-10,Mora tardia,666662.01,
2026-04-10,Mora tardia,187013.49,
2026-04-10,Mora tardia,733319.91,714615.25
2026-04-10,Mora tardia,307973.96,
2026-04-10,Mora tardia,687084.59,
2026-04-10,Mora tardia,297665.34,297665.34
2026-04-10,Mora tardia,347870.83,
2026-04-10,Mora tardia,799840.79,
2026-04-10,Mora tardia,249075.52,
2026-04-10,Mora tardia,434838.54,
2026-04-10,Mora tardia,132511.73,
2026-04-10,Mora tardia,372718.75,
2026-04-10,Mora tardia,310598.95,
2026-04-10,Mora tardia,265023.45,
2026-04-10,Mora tardia,124239.59,
2026-04-10,Mora tardia,181705.53,
2026-04-10,Mora tardia,291525.81,
2026-04-10,Mora media,293605.25,293605.25
2026-04-10,Mora tardia,307973.96,
2026-04-10,Mora tardia,338891.85,
2026-04-10,Mora tardia,372718.75,
2026-04-10,Mora tardia,123189.58,
2026-04-10,Mora tardia,369568.75,
2026-04-10,Mora tardia,246379.17,
2026-04-10,Mora tardia,203702.7,
2026-04-10,Mora tardia,310598.96,
2026-04-10,Mora tardia,215632.27,
2026-04-10,Mora tardia,186359.37,
2026-04-10,Mora tardia,310598.96,
2026-04-10,Mora tardia,372718.75,
2026-04-10,Mora tardia,238093.57,
2026-04-10,Mora tardia,248479.17,
2026-04-10,Mora tardia,331279.32,
2026-04-10,Mora tardia,372718.75,
2026-04-10,Mora tardia,246379.17,
2026-04-10,Mora tardia,119425.83,
2026-04-10,Mora tardia,283336.04,
2026-04-10,Mora media,392485.7,
2026-04-10,Mora tardia,248479.16,
2026-04-10,Mora tardia,372718.75,
2026-04-10,Mora tardia,369568.75,
2026-04-10,Mora tardia,307973.96,
2026-04-10,Mora tardia,952374.31,
2026-04-10,Mora tardia,248479.17,
2026-04-10,Mora tardia,416178.6,
2026-04-10,Mora temprana,253585.76,
2026-04-10,Mora tardia,107816.15,
2026-04-10,Mora tardia,172505.83,
2026-04-10,Mora tardia,265023.46,
2026-04-10,Mora tardia,147827.5,
2026-04-10,Mora media,410221.71,
2026-04-10,Mora tardia,380949.72,
2026-04-10,Mora tardia,369568.75,
2026-04-24,Incobrable,10000000.0,
2026-04-28,Incobrable,15000000.0,
2026-04-28,Mora tardia,20918626.56,
2026-05-10,Mora media,284038.46,284038.46
2026-05-10,Mora media,186807.83,186807.83
2026-05-10,Mora tardia,291525.8,291525.8
2026-05-10,Mora tardia,248479.17,248479.17
2026-05-10,Mora media,397139.28,
2026-05-10,Mora temprana,316982.2,
2026-05-10,Mora media,387435.19,
2026-05-10,Mora temprana,310856.6,
2026-05-10,Mora temprana,119286.43,
2026-05-10,Mora temprana,651848.62,
2026-05-10,Mora temprana,310598.96,
2026-05-10,Mora temprana,223631.25,
2026-05-10,Mora temprana,265023.46,
2026-05-10,Mora temprana,369568.75,
2026-05-10,Mora temprana,369568.75,
2026-05-10,Mora temprana,666662.01,
2026-05-10,Mora preventiva,310598.96,
2026-05-10,Mora preventiva,172505.83,
2026-05-10,Mora preventiva,307973.96,
2026-05-10,Mora preventiva,310598.96,
2026-05-10,Mora preventiva,248479.17,
2026-05-10,Mora preventiva,347870.83,
2026-05-10,Mora preventiva,248479.17,
2026-05-10,Mora media,215632.28,
2026-05-10,Mora preventiva,372718.75,
2026-05-10,Mora preventiva,369568.75,
2026-05-10,Mora preventiva,147827.5,
2026-05-10,Mora preventiva,380949.72,
2026-05-10,Mora preventiva,107816.14,
2026-05-10,Mora preventiva,186359.37,
2026-05-10,Mora preventiva,248479.16,
2026-05-10,Mora preventiva,372718.75,
2026-05-10,Mora preventiva,666662.01,
2026-05-10,Mora preventiva,416178.6,
2026-05-10,Mora preventiva,238093.57,
2026-05-10,Mora preventiva,372718.75,
2026-05-10,Mora preventiva,434838.54,
2026-05-10,Mora preventiva,246379.17,
2026-05-10,Mora preventiva,952374.31,
2026-05-10,Mora preventiva,338100.69,
2026-05-10,Mora preventiva,343600.85,
2026-05-10,Mora preventiva,283336.04,
2026-05-10,Mora preventiva,203702.69,
2026-05-10,Mora preventiva,246379.17,
2026-05-10,Mora preventiva,123189.58,
2026-05-10,Mora preventiva,246379.17,
2026-05-10,Mora preventiva,372718.75,
2026-05-10,Mora preventiva,687084.59,
2026-05-10,Mora preventiva,291525.8,
2026-05-10,Mora preventiva,181705.54,
2026-05-10,Mora media,248479.17,
2026-05-10,Mora preventiva,331279.33,
2026-05-10,Mora preventiva,265023.46,
2026-05-10,Mora preventiva,132511.73,
2026-05-10,Mora preventiva,372718.75,
2026-05-10,Mora preventiva,795070.38,
2026-05-10,Mora preventiva,124239.58,
2026-05-10,Mora preventiva,186359.37,
2026-05-10,Mora preventiva,372718.75,
2026-05-10,Mora tardia,186359.38,
2026-05-10,Mora media,709467.8,709467.8
2026-05-20,Mora preventiva,10655480.0,
2026-05-22,Mora preventiva,7725000.0,
2026-05-22,Mora preventiva,14169818.4,
2026-05-28,Mora temprana,20918626.56,
2026-05-29,Mora temprana,7725000.0,
2026-06-05,Mora temprana,20000000.0,
2026-06-10,Mora preventiva,248479.16,
2026-06-10,Mora temprana,191279.27,
2026-06-10,Mora preventiva,223631.25,
2026-06-10,Mora media,248479.16,248479.16
2026-06-10,Mora preventiva,347870.83,
2026-06-10,Mora media,291525.8,291525.8
2026-06-10,Mora preventiva,181705.53,
2026-06-10,Mora preventiva,124239.58,
2026-06-10,Mora preventiva,186359.37,
2026-06-10,Mora preventiva,248479.17,
2026-06-10,Mora preventiva,434838.54,
2026-06-10,Mora preventiva,372718.75,
2026-06-10,Mora preventiva,416178.6,
2026-06-10,Mora preventiva,352378.49,
2026-06-10,Mora preventiva,107816.15,
2026-06-10,Mora temprana,215632.28,
2026-06-10,Mora media,308730.16,
2026-06-10,Mora temprana,684261.89,
2026-06-10,Mora preventiva,338100.7,
2026-06-10,Mora preventiva,248479.17,
2026-06-10,Mora preventiva,265023.45,
2026-06-10,Mora preventiva,310598.96,
2026-06-10,Mora temprana,369568.75,
2026-06-10,Mora media,386848.37,231095.03
2026-06-10,Mora temprana,274152.76,274152.76
2026-06-10,Mora media,684820.61,684820.61
2026-06-10,Mora temprana,181705.53,181705.53
2026-06-10,Mora preventiva,651848.61,
2026-06-10,Mora preventiva,380949.72,
2026-06-10,Mora preventiva,369568.75,
2026-06-10,Mora media,396703.19,
2026-06-10,Mora preventiva,307973.96,
2026-06-10,Mora preventiva,172505.83,
2026-06-10,Mora temprana,248479.17,
2026-06-10,Mora preventiva,343600.85,
2026-06-10,Mora preventiva,372718.74,
2026-06-10,Mora preventiva,372718.75,
2026-06-10,Mora preventiva,666662.01,
2026-06-10,Mora preventiva,372718.75,
2026-06-10,Mora preventiva,687084.59,
2026-06-10,Mora preventiva,283336.04,
2026-06-10,Mora preventiva,246379.17,
2026-06-10,Mora preventiva,123189.58,
2026-06-10,Mora preventiva,147827.49,
2026-06-10,Mora preventiva,248479.17,
2026-06-10,Mora preventiva,310598.96,
2026-06-10,Mora preventiva,107816.14,
2026-06-10,Mora preventiva,238093.58,
2026-06-10,Mora preventiva,372718.75,
2026-06-10,Mora preventiva,952374.3,
2026-06-10,Mora preventiva,310598.96,
2026-06-10,Mora preventiva,246379.17,
2026-06-10,Mora preventiva,186359.38,
2026-06-10,Mora preventiva,203702.69,
2026-06-10,Mora preventiva,291525.8,
2026-06-10,Mora preventiva,331279.32,
2026-06-10,Mora preventiva,265023.46,
2026-06-10,Mora preventiva,372718.74,
2026-06-10,Mora preventiva,369568.75,
2026-06-10,Mora preventiva,132511.73,
2026-06-10,Mora preventiva,372718.75,
2026-06-10,Mora temprana,307973.95,
2026-06-10,Mora preventiva,119147.03,
2026-06-10,Mora media,255603.61,
2026-06-13,Incobrable,20000000.0,
2026-06-18,Mora media,8000000.0,
2026-06-22,Mora tardia,20000000.0,
2026-06-28,Mora temprana,20918626.56,
2026-07-05,Mora temprana,20000000.0,
2026-07-06,Mora temprana,2044685.36,
2026-07-07,Mora preventiva,3607423.47,
2026-07-10,Mora preventiva,248479.17,
2026-07-10,Mora media,316984.43,316984.43
2026-07-10,Mora media,248479.16,248479.16
2026-07-10,Mora media,291525.81,291525.81
2026-07-10,Mora media,389026.54,389026.54
2026-07-10,Mora temprana,662558.64,662558.64
2026-07-10,Normal,181705.53,181705.53
2026-07-10,Normal,272558.3,272558.3
2026-07-10,Mora media,258363.66,
2026-07-10,Mora media,255027.08,
2026-07-10,Mora temprana,687084.59,
2026-07-10,Mora temprana,383620.77,
2026-07-10,Mora temprana,109203.73,
2026-07-10,Mora temprana,375335.24,
2026-07-10,Mora temprana,159420.31,
2026-07-10,Mora temprana,352378.49,
2026-07-10,Mora temprana,372718.74,
2026-07-10,Mora temprana,434838.54,
2026-07-10,Mora temprana,223631.25,
2026-07-10,Mora media,309122.74,
2026-07-10,Mora temprana,369568.74,
2026-07-10,Mora temprana,265023.46,
2026-07-10,Mora temprana,310598.96,
2026-07-10,Mora temprana,307973.96,
2026-07-10,Mora temprana,369568.74,
2026-07-10,Mora temprana,372718.75,
2026-07-10,Mora preventiva,124239.58,
2026-07-10,Mora preventiva,248479.17,
2026-07-10,Mora preventiva,651848.61,
2026-07-10,Mora preventiva,952374.31,
2026-07-10,Mora preventiva,172505.82,
2026-07-10,Mora preventiva,147827.5,
2026-07-10,Mora preventiva,265023.45,
2026-07-10,Mora preventiva,186359.37,
2026-07-10,Mora preventiva,212287.84,
2026-07-10,Mora preventiva,523805.86,
2026-07-10,Mora preventiva,372718.75,
2026-07-10,Mora preventiva,416178.6,
2026-07-10,Mora preventiva,215632.29,
2026-07-10,Mora preventiva,283336.04,
2026-07-10,Mora preventiva,203702.69,
2026-07-10,Mora preventiva,343600.84,
2026-07-10,Mora preventiva,307973.95,
2026-07-10,Mora preventiva,246379.17,
2026-07-10,Mora preventiva,380949.72,
2026-07-10,Mora preventiva,238093.57,
2026-07-10,Mora preventiva,248479.17,
2026-07-10,Mora preventiva,132511.73,
2026-07-10,Mora preventiva,310598.96,
2026-07-10,Mora preventiva,372718.75,
2026-07-10,Mora preventiva,310598.96,
2026-07-10,Mora preventiva,123189.58,
2026-07-10,Mora preventiva,186359.37,
2026-07-10,Mora preventiva,248479.16,
2026-07-10,Mora preventiva,666662.01,
2026-07-10,Mora preventiva,2156322.8,
2026-07-10,Mora preventiva,666662.02,
2026-07-10,Mora preventiva,369568.74,
2026-07-10,Mora temprana,310599.23,
2026-07-10,Mora preventiva,291525.81,
2026-07-10,Mora preventiva,331279.32,
2026-07-10,Mora preventiva,372718.75,
2026-07-10,Mora preventiva,372718.75,
2026-07-10,Mora preventiva,347870.83,
2026-07-10,Mora preventiva,107816.14,
2026-07-10,Mora temprana,188729.87,
2026-07-10,Normal,246379.17,
2026-07-10,Mora preventiva,181705.53,
2026-07-20,Mora temprana,21000000.0,
2026-07-20,Mora temprana,21000000.0,
2026-07-28,Mora preventiva,20918626.56,
2026-08-05,Mora temprana,20000000.0,
2026-08-06,Mora preventiva,15135537.0,
2026-08-06,Mora preventiva,18480000.0,
2026-08-07,Mora temprana,2597173.36,
2026-08-10,Mora preventiva,310598.96,
2026-08-10,Mora preventiva,2156322.8,
2026-08-10,Mora preventiva,181705.53,
2026-08-10,Mora preventiva,1366635.41,
2026-08-10,Mora preventiva,372718.74,
2026-08-10,Mora preventiva,107816.14,
2026-08-10,Mora preventiva,310598.96,
2026-08-10,Mora preventiva,372718.75,
2026-08-10,Mora preventiva,291525.8,
2026-08-10,Mora preventiva,132511.73,
2026-08-10,Mora preventiva,310598.96,
2026-08-10,Mora preventiva,265023.46,
2026-08-10,Mora preventiva,186359.38,
2026-08-10,Mora preventiva,369568.75,
2026-08-10,Mora preventiva,248479.16,
2026-08-10,Mora preventiva,431264.57,
2026-08-10,Mora preventiva,397156.77,
2026-08-10,Mora preventiva,333331.02,
2026-08-10,Mora preventiva,331279.32,
2026-08-10,Mora preventiva,248479.17,
2026-08-10,Mora preventiva,147827.49,
2026-08-10,Mora preventiva,687084.59,
2026-08-10,Mora preventiva,666662.01,
2026-08-10,Mora preventiva,380949.72,
2026-08-10,Mora preventiva,246379.16,
2026-08-10,Mora preventiva,283336.04,
2026-08-10,Mora preventiva,372718.75,
2026-08-10,Mora preventiva,352378.49,
2026-08-10,Mora preventiva,248479.16,
2026-08-10,Mora preventiva,186359.37,
2026-08-10,Mora preventiva,186359.38,
2026-08-10,Mora temprana,351531.17,
2026-08-10,Mora preventiva,212287.84,
2026-08-10,Normal,123189.58,
2026-08-10,Mora preventiva,107816.14,
2026-08-10,Mora preventiva,248479.17,
2026-08-10,Mora temprana,124239.58,
2026-08-10,Mora temprana,967974.2,967974.2
2026-08-10,Mora preventiva,307973.96,
2026-08-10,Normal,246379.16,
2026-08-10,Mora preventiva,372718.75,
2026-08-10,Mora preventiva,372718.75,
2026-08-10,Mora preventiva,238093.57,
2026-08-10,Mora preventiva,246379.17,
2026-08-10,Mora preventiva,369568.75,
2026-08-10,Mora preventiva,369568.75,
2026-08-10,Mora preventiva,203702.69,
2026-08-10,Mora preventiva,651848.61,
2026-08-10,Mora temprana,223631.25,
2026-08-10,Mora temprana,310598.96,
2026-08-10,Mora temprana,1242395.82,
2026-08-10,Mora temprana,265023.46,
2026-08-10,Mora temprana,667442.01,
2026-08-10,Mora temprana,308334.29,
2026-08-10,Mora temprana,308694.62,
2026-08-10,Mora temprana,249351.32,
2026-08-10,Mora temprana,439949.68,
2026-08-10,Mora temprana,531772.96,
2026-08-10,Mora temprana,562160.11,
2026-08-10,Mora temprana,161455.39,160875.7
2026-08-10,Mora temprana,376666.2,3947.2
2026-08-10,Mora temprana,348961.01,5360.16
2026-08-10,Normal,272558.3,272558.3
2026-08-10,Normal,181705.53,181705.53
2026-08-10,Normal,662558.64,662558.64
2026-08-10,Mora temprana,291525.8,291525.8
2026-08-10,Mora temprana,248479.16,248479.16
2026-08-10,Mora temprana,306062.45,306062.45
2026-08-10,Mora temprana,375622.28,375622.28
2026-08-10,Mora temprana,378823.88,378823.88
2026-08-10,Mora temprana,378823.88,378823.88
2026-08-13,Mora preventiva,373625.78,
2026-08-20,Mora temprana,10350000.0,
2026-08-28,Mora preventiva,20918626.56,
2026-09-10,Normal,1242395.83,1242395.83
2026-09-10,Normal,181705.53,181705.53
2026-09-10,Normal,662558.65,662558.65
2026-09-10,Normal,272558.3,272558.3
2026-09-10,Normal,372718.75,372718.75
2026-09-10,Normal,99391.67,99391.67
2026-09-10,Normal,407405.39,407405.39
2026-09-10,Normal,310598.96,310598.96
2026-09-10,Normal,265023.46,265023.46
2026-09-10,Normal,331279.32,331279.32
2026-09-10,Normal,397156.77,397156.77
2026-09-10,Normal,291525.81,291525.81
2026-09-10,Normal,333331.01,333331.01
2026-09-10,Normal,352378.5,352378.5
2026-09-10,Normal,107816.14,107816.14
2026-09-10,Normal,203702.69,203702.69
2026-09-10,Normal,372718.75,372718.75
2026-09-10,Normal,372718.75,372718.75
2026-09-10,Normal,223631.25,223631.25
2026-09-10,Normal,372718.75,372718.75
2026-09-10,Normal,666662.01,666662.01
2026-09-10,Normal,369568.76,369568.76
2026-09-10,Normal,372718.75,372718.75
2026-09-10,Normal,372718.74,372718.74
2026-09-10,Normal,666662.01,666662.01
2026-09-10,Normal,248479.16,248479.16
2026-09-10,Normal,181705.53,181705.53
2026-09-10,Normal,310598.96,310598.96
2026-09-10,Normal,380949.72,380949.72
2026-09-10,Normal,248479.16,248479.16
2026-09-10,Normal,310598.95,310598.95
2026-09-10,Normal,246379.16,246379.16
2026-09-10,Normal,132511.73,132511.73
2026-09-10,Normal,651848.62,651848.62
2026-09-10,Normal,369568.76,369568.76
2026-09-10,Normal,147827.49,147827.49
2026-09-10,Normal,186359.38,186359.38
2026-09-10,Normal,186359.38,186359.38
2026-09-10,Normal,186359.37,186359.37
2026-09-10,Normal,238093.57,238093.57
2026-09-10,Normal,248479.16,248479.16
2026-09-10,Normal,372718.75,372718.75
2026-09-10,Normal,952374.31,952374.31
2026-09-10,Normal,283336.04,283336.04
2026-09-10,Normal,369568.76,369568.76
2026-09-10,Normal,372718.75,372718.75
2026-09-10,Normal,347870.83,347870.83
2026-09-10,Normal,307973.96,307973.96
2026-09-10,Normal,307973.95,307973.95
2026-09-10,Normal,687084.59,687084.59
2026-09-10,Normal,248479.17,248479.17
2026-09-10,Normal,307973.95,307973.95
2026-09-10,Normal,372718.75,372718.75
2026-09-10,Normal,265023.45,265023.45
2026-09-10,Normal,246379.16,246379.16
2026-09-10,Normal,301129.94,301129.94
2026-09-10,Normal,248479.17,248479.17
2026-09-10,Normal,158862.71,158862.71
2026-09-10,Normal,523805.86,523805.86
2026-09-10,Normal,343600.84,343600.84
2026-09-10,Normal,291525.81,291525.81
2026-09-10,Normal,369568.75,369568.75
2026-09-10,Normal,651848.62,651848.62
2026-09-10,Normal,2156322.8,2156322.8
2026-09-10,Normal,431264.57,431264.57
2026-09-10,Normal,1366635.41,1366635.41
2026-09-10,Normal,246379.16,
2026-09-10,Normal,123189.6,
2026-09-10,Normal,248479.17,246395.17
2026-09-10,Normal,310598.96,310558.96
2026-09-10,Normal,212287.84,210563.52
2026-09-10,Normal,107816.15,107080.15
2026-09-10,Normal,124239.58,122718.58
2026-09-10,Normal,434838.54,434749.22
2026-09-10,Normal,562160.11,472472.22
2026-09-13,Normal,373625.78,373625.78
2026-09-15,Normal,8000000.0,8000000.0
2026-09-15,Normal,7000000.0,7000000.0
2026-09-15,Normal,7000000.0,7000000.0
2026-09-20,Normal,22250000.0,22250000.0
2026-09-28,Normal,20918626.57,20918626.57
2026-10-10,Normal,651848.61,651848.61
2026-10-10,Normal,181705.53,181705.53
2026-10-10,Normal,272558.3,272558.3
2026-10-10,Normal,662558.65,662558.65
2026-10-10,Normal,333331.02,333331.02
2026-10-10,Normal,523805.87,523805.87
2026-10-10,Normal,352378.49,352378.49
2026-10-10,Normal,407405.38,407405.38
2026-10-10,Normal,248479.17,248479.17
2026-10-10,Normal,369568.76,369568.76
2026-10-10,Normal,651848.61,651848.61
2026-10-10,Normal,186359.37,186359.37
2026-10-10,Normal,291525.81,291525.81
2026-10-10,Normal,310598.96,310598.96
2026-10-10,Normal,434838.53,434838.53
2026-10-10,Normal,372718.75,372718.75
2026-10-10,Normal,372718.75,372718.75
2026-10-10,Normal,310598.95,310598.95
2026-10-10,Normal,562160.11,562160.11
2026-10-10,Normal,431264.56,431264.56
2026-10-10,Normal,1366635.41,1366635.41
2026-10-10,Normal,107816.14,107816.14
2026-10-10,Normal,265023.45,265023.45
2026-10-10,Normal,397156.76,397156.76
2026-10-10,Normal,291525.81,291525.81
2026-10-10,Normal,2156322.79,2156322.79
2026-10-10,Normal,372718.75,372718.75
2026-10-10,Normal,372718.74,372718.74
2026-10-10,Normal,372718.75,372718.75
2026-10-10,Normal,372718.75,372718.75
2026-10-10,Normal,186359.37,186359.37
2026-10-10,Normal,248479.17,248479.17
2026-10-10,Normal,212287.83,212287.83
2026-10-10,Normal,99391.67,99391.67
2026-10-10,Normal,132511.73,132511.73
2026-10-10,Normal,246379.16,246379.16
2026-10-10,Normal,248479.17,248479.17
2026-10-10,Normal,307973.95,307973.95
2026-10-10,Normal,372718.74,372718.74
2026-10-10,Normal,1242395.83,1242395.83
2026-10-10,Normal,181705.53,181705.53
2026-10-10,Normal,310598.96,310598.96
2026-10-10,Normal,331279.32,331279.32
2026-10-10,Normal,248479.16,248479.16
2026-10-10,Normal,238093.57,238093.57
2026-10-10,Normal,666662.01,666662.01
2026-10-10,Normal,186359.37,186359.37
2026-10-10,Normal,248479.16,248479.16
2026-10-10,Normal,952374.31,952374.31
2026-10-10,Normal,124239.58,124239.58
2026-10-10,Normal,666662.02,666662.02
2026-10-10,Normal,372718.74,372718.74
2026-10-10,Normal,248479.17,248479.17
2026-10-10,Normal,347870.83,347870.83
2026-10-10,Normal,265023.47,265023.47
2026-10-10,Normal,203702.7,203702.7
2026-10-10,Normal,310598.96,310598.96
2026-10-10,Normal,687084.59,687084.59
2026-10-10,Normal,372718.74,372718.74
2026-10-10,Normal,380949.72,380949.72
2026-10-10,Normal,301129.93,301129.93
2026-10-10,Normal,223631.25,223631.25
2026-10-10,Normal,343600.84,343600.84
2026-10-13,Normal,373625.78,373625.78
2026-10-20,Normal,23750000.0,23750000.0
2026-11-10,Normal,372718.75,372718.75
2026-11-10,Normal,181705.53,181705.53
2026-11-10,Normal,662558.64,662558.64
2026-11-10,Normal,272558.3,272558.3
2026-11-10,Normal,372718.74,372718.74
2026-11-10,Normal,248479.17,248479.17
2026-11-10,Normal,99391.66,99391.66
2026-11-10,Normal,352378.49,352378.49
2026-11-10,Normal,248479.17,248479.17
2026-11-10,Normal,333331.01,333331.01
2026-11-10,Normal,431264.56,431264.56
2026-11-10,Normal,651848.61,651848.61
2026-11-10,Normal,1366635.41,1366635.41
2026-11-10,Normal,1242395.83,1242395.83
2026-11-10,Normal,651848.62,651848.62
2026-11-10,Normal,186359.38,186359.38
2026-11-10,Normal,248479.16,248479.16
2026-11-10,Normal,434838.54,434838.54
2026-11-10,Normal,666662.02,666662.02
2026-11-10,Normal,107816.15,107816.15
2026-11-10,Normal,372718.75,372718.75
2026-11-10,Normal,2156322.8,2156322.8
2026-11-10,Normal,310598.96,310598.96
2026-11-10,Normal,372718.75,372718.75
2026-11-10,Normal,666662.02,666662.02
2026-11-10,Normal,132511.74,132511.74
2026-11-10,Normal,372718.75,372718.75
2026-11-10,Normal,372718.75,372718.75
2026-11-10,Normal,372718.75,372718.75
2026-11-10,Normal,265023.47,265023.47
2026-11-10,Normal,310598.96,310598.96
2026-11-10,Normal,223631.25,223631.25
2026-11-10,Normal,310598.96,310598.96
2026-11-10,Normal,181705.53,181705.53
2026-11-10,Normal,310598.96,310598.96
2026-11-10,Normal,186359.38,186359.38
2026-11-10,Normal,203702.7,203702.7
2026-11-10,Normal,238093.57,238093.57
2026-11-10,Normal,380949.72,380949.72
2026-11-10,Normal,248479.17,248479.17
2026-11-10,Normal,124239.58,124239.58
2026-11-10,Normal,372718.75,372718.75
2026-11-10,Normal,186359.37,186359.37
2026-11-10,Normal,372718.74,372718.74
2026-11-10,Normal,687084.59,687084.59
2026-11-10,Normal,952374.3,952374.3
2026-11-10,Normal,301129.94,301129.94
2026-11-10,Normal,523805.87,523805.87
2026-11-10,Normal,562160.12,562160.12
2026-11-10,Normal,343600.84,343600.84
2026-11-10,Normal,248479.17,248479.17
2026-11-10,Normal,347870.83,347870.83
2026-11-10,Normal,407405.38,407405.38
2026-11-10,Normal,212287.84,212287.84
2026-11-13,Normal,373625.78,373625.78
2026-12-10,Normal,186359.38,186359.38
2026-12-10,Normal,99391.67,99391.67
2026-12-10,Normal,352378.49,352378.49
2026-12-10,Normal,301129.94,301129.94
2026-12-10,Normal,310598.96,310598.96
2026-12-10,Normal,562160.11,562160.11
2026-12-10,Normal,431264.56,431264.56
2026-12-10,Normal,372718.75,372718.75
2026-12-10,Normal,248479.17,248479.17
2026-12-10,Normal,651848.62,651848.62
2026-12-10,Normal,310598.95,310598.95
2026-12-10,Normal,124239.6,124239.6
2026-12-10,Normal,212287.83,212287.83
2026-12-10,Normal,333331.01,333331.01
2026-12-10,Normal,2156322.8,2156322.8
2026-12-10,Normal,372718.75,372718.75
2026-12-10,Normal,238093.57,238093.57
2026-12-10,Normal,372718.74,372718.74
2026-12-10,Normal,181705.54,181705.54
2026-12-10,Normal,372718.76,372718.76
2026-12-10,Normal,248479.16,248479.16
2026-12-10,Normal,1242395.83,1242395.83
2026-12-10,Normal,223631.25,223631.25
2026-12-10,Normal,310598.96,310598.96
2026-12-10,Normal,651848.61,651848.61
2026-12-10,Normal,186359.38,186359.38
2026-12-10,Normal,186359.37,186359.37
2026-12-10,Normal,248479.17,248479.17
2026-12-10,Normal,952374.31,952374.31
2026-12-10,Normal,372718.76,372718.76
2026-12-10,Normal,666662.02,666662.02
2026-12-10,Normal,248479.17,248479.17
2026-12-10,Normal,203702.69,203702.69
2026-12-10,Normal,434838.54,434838.54
2026-12-10,Normal,272558.3,272558.3
2026-12-10,Normal,372718.76,372718.76
2026-12-10,Normal,380949.72,380949.72
2026-12-10,Normal,372718.75,372718.75
2026-12-10,Normal,523805.87,523805.87
2026-12-10,Normal,181705.54,181705.54
2026-12-10,Normal,343600.84,343600.84
2026-12-10,Normal,347870.83,347870.83
2026-12-10,Normal,407405.39,407405.39
2026-12-10,Normal,687084.59,687084.59
2026-12-10,Normal,372718.75,372718.75
2026-12-10,Normal,372718.75,372718.75
2026-12-10,Normal,666662.02,666662.02
2026-12-10,Normal,1366635.41,1366635.41
2026-12-10,Normal,310598.95,310598.95
2026-12-10,Normal,248479.17,248479.17
2026-12-13,Normal,373625.78,373625.78
2027-01-10,Normal,523805.86,523805.86
2027-01-10,Normal,248479.17,248479.17
2027-01-10,Normal,562160.12,562160.12
2027-01-10,Normal,407405.39,407405.39
2027-01-10,Normal,434838.54,434838.54
2027-01-10,Normal,952374.31,952374.31
2027-01-10,Normal,310598.96,310598.96
2027-01-10,Normal,272558.3,272558.3
2027-01-10,Normal,181705.53,181705.53
2027-01-10,Normal,181705.53,181705.53
2027-01-10,Normal,666662.01,666662.01
2027-01-10,Normal,310598.95,310598.95
2027-01-10,Normal,651848.62,651848.62
2027-01-10,Normal,238093.57,238093.57
2027-01-10,Normal,203702.7,203702.7
2027-01-10,Normal,310598.96,310598.96
2027-01-10,Normal,186359.37,186359.37
2027-01-10,Normal,372718.76,372718.76
2027-01-10,Normal,380949.72,380949.72
2027-01-10,Normal,347870.83,347870.83
2027-01-10,Normal,687084.59,687084.59
2027-01-10,Normal,343600.84,343600.84
2027-01-10,Normal,248479.17,248479.17
2027-01-10,Normal,301129.94,301129.94
2027-01-10,Normal,248479.17,248479.17
2027-01-10,Normal,99391.66,99391.66
2027-01-10,Normal,372718.75,372718.75
2027-01-10,Normal,1366635.41,1366635.41
2027-01-10,Normal,431264.56,431264.56
2027-01-10,Normal,333331.02,333331.02
2027-01-10,Normal,212287.84,212287.84
2027-01-10,Normal,352378.49,352378.49
2027-01-10,Normal,666662.01,666662.01
2027-01-10,Normal,651848.61,651848.61
2027-01-10,Normal,223631.25,223631.25
2027-01-10,Normal,186359.37,186359.37
2027-01-10,Normal,372718.75,372718.75
2027-01-10,Normal,372718.75,372718.75
2027-01-10,Normal,1242395.83,1242395.83
2027-01-10,Normal,372718.74,372718.74
2027-01-10,Normal,248479.17,248479.17
2027-01-10,Normal,372718.75,372718.75
2027-01-13,Normal,373625.79,373625.79
2027-02-10,Normal,238093.58,238093.58
2027-02-10,Normal,407405.38,407405.38
2027-02-10,Normal,248479.16,248479.16
2027-02-10,Normal,434838.54,434838.54
2027-02-10,Normal,343600.84,343600.84
2027-02-10,Normal,523805.86,523805.86
2027-02-10,Normal,301129.94,301129.94
2027-02-10,Normal,952374.3,952374.3
2027-02-10,Normal,380949.73,380949.73
2027-02-10,Normal,248479.16,248479.16
2027-02-10,Normal,203702.69,203702.69
2027-02-10,Normal,666662.02,666662.02
2027-02-10,Normal,310598.96,310598.96
2027-02-10,Normal,186359.37,186359.37
2027-02-10,Normal,248479.17,248479.17
2027-02-10,Normal,687084.59,687084.59
2027-02-10,Normal,651848.61,651848.61
2027-02-10,Normal,223631.25,223631.25
2027-02-10,Normal,347870.83,347870.83
2027-02-10,Normal,1242395.83,1242395.83
2027-02-10,Normal,651848.62,651848.62
2027-02-10,Normal,181705.54,181705.54
2027-02-10,Normal,372718.75,372718.75
2027-02-10,Normal,352378.49,352378.49
2027-02-10,Normal,333331.01,333331.01
2027-02-10,Normal,372718.76,372718.76
2027-02-10,Normal,99391.66,99391.66
2027-02-10,Normal,212287.83,212287.83
2027-02-10,Normal,372718.75,372718.75
2027-02-10,Normal,372718.74,372718.74
2027-02-10,Normal,666662.02,666662.02
2027-02-10,Normal,562160.11,562160.11
2027-02-10,Normal,310598.96,310598.96
2027-02-10,Normal,372718.74,372718.74
2027-02-10,Normal,1366635.41,1366635.41
2027-02-10,Normal,248479.17,248479.17
2027-02-10,Normal,272558.29,272558.29
2027-02-10,Normal,181705.54,181705.54
2027-02-13,Normal,373625.78,373625.78
2027-03-10,Normal,1242395.83,1242395.83
2027-03-10,Normal,372718.76,372718.76
2027-03-10,Normal,347870.83,347870.83
2027-03-10,Normal,186359.38,186359.38
2027-03-10,Normal,238093.57,238093.57
2027-03-10,Normal,248479.17,248479.17
2027-03-10,Normal,952374.3,952374.3
2027-03-10,Normal,343600.85,343600.85
2027-03-10,Normal,203702.69,203702.69
2027-03-10,Normal,687084.59,687084.59
2027-03-10,Normal,434838.55,434838.55
2027-03-10,Normal,181705.53,181705.53
2027-03-10,Normal,372718.75,372718.75
2027-03-10,Normal,212287.84,212287.84
2027-03-10,Normal,310598.95,310598.95
2027-03-10,Normal,666662.02,666662.02
2027-03-10,Normal,272558.3,272558.3
2027-03-10,Normal,181705.53,181705.53
2027-03-10,Normal,248479.16,248479.16
2027-03-10,Normal,223631.24,223631.24
2027-03-10,Normal,301129.94,301129.94
2027-03-10,Normal,523805.86,523805.86
2027-03-10,Normal,651848.61,651848.61
2027-03-10,Normal,248479.16,248479.16
2027-03-10,Normal,651848.62,651848.62
2027-03-10,Normal,407405.38,407405.38
2027-03-10,Normal,248479.16,248479.16
2027-03-10,Normal,99391.66,99391.66
2027-03-10,Normal,1366635.41,1366635.41
2027-03-10,Normal,352378.49,352378.49
2027-03-10,Normal,372718.75,372718.75
2027-03-10,Normal,310598.95,310598.95
2027-03-10,Normal,380949.72,380949.72
2027-03-10,Normal,562160.11,562160.11
2027-03-10,Normal,372718.74,372718.74
2027-03-10,Normal,333331.01,333331.01
2027-03-10,Normal,666662.01,666662.01
2027-03-13,Normal,373625.78,373625.78
2027-04-10,Normal,372718.76,372718.76
2027-04-10,Normal,333331.02,333331.02
2027-04-10,Normal,352378.49,352378.49
2027-04-10,Normal,372718.75,372718.75
2027-04-10,Normal,666662.02,666662.02
2027-04-10,Normal,248479.16,248479.16
2027-04-10,Normal,181705.53,181705.53
2027-04-10,Normal,1242395.83,1242395.83
2027-04-10,Normal,666662.01,666662.01
2027-04-10,Normal,272558.3,272558.3
2027-04-10,Normal,181705.53,181705.53
2027-04-10,Normal,238093.57,238093.57
2027-04-10,Normal,186359.37,186359.37
2027-04-10,Normal,203702.69,203702.69
2027-04-10,Normal,310598.96,310598.96
2027-04-10,Normal,343600.85,343600.85
2027-04-10,Normal,248479.16,248479.16
2027-04-10,Normal,952374.31,952374.31
2027-04-10,Normal,380949.72,380949.72
2027-04-10,Normal,301129.94,301129.94
2027-04-10,Normal,523805.86,523805.86
2027-04-10,Normal,407405.39,407405.39
2027-04-10,Normal,1366635.41,1366635.41
2027-04-10,Normal,651848.61,651848.61
2027-04-10,Normal,372718.75,372718.75
2027-04-10,Normal,99391.67,99391.67
2027-04-10,Normal,562160.11,562160.11
2027-04-10,Normal,212287.84,212287.84
2027-04-10,Normal,651848.62,651848.62
2027-04-13,Normal,373625.78,373625.78
2027-05-10,Normal,666662.01,666662.01
2027-05-10,Normal,181705.53,181705.53
2027-05-10,Normal,272558.3,272558.3
2027-05-10,Normal,352378.49,352378.49
2027-05-10,Normal,651848.61,651848.61
2027-05-10,Normal,333331.01,333331.01
2027-05-10,Normal,181705.53,181705.53
2027-05-10,Normal,212287.84,212287.84
2027-05-10,Normal,372718.75,372718.75
2027-05-10,Normal,99391.66,99391.66
2027-05-10,Normal,562160.11,562160.11
2027-05-10,Normal,372718.76,372718.76
2027-05-10,Normal,666662.01,666662.01
2027-05-10,Normal,651848.62,651848.62
2027-05-10,Normal,1366635.41,1366635.41
2027-05-10,Normal,1242395.83,1242395.83
2027-05-10,Normal,248479.16,248479.16
2027-05-10,Normal,203702.69,203702.69
2027-05-10,Normal,238093.58,238093.58
2027-05-10,Normal,523805.87,523805.87
2027-05-10,Normal,310598.96,310598.96
2027-05-10,Normal,952374.31,952374.31
2027-05-10,Normal,380949.73,380949.73
2027-05-10,Normal,301129.93,301129.93
2027-05-10,Normal,407405.38,407405.38
2027-05-13,Normal,373625.78,373625.78
2027-06-10,Normal,203702.7,203702.7
2027-06-10,Normal,380949.72,380949.72
2027-06-10,Normal,301129.94,301129.94
2027-06-10,Normal,666662.0,666662.0
2027-06-10,Normal,310598.95,310598.95
2027-06-10,Normal,523805.87,523805.87
2027-06-10,Normal,407405.39,407405.39
2027-06-10,Normal,1242395.83,1242395.83
2027-06-10,Normal,651848.62,651848.62
2027-06-10,Normal,181705.53,181705.53
2027-06-10,Normal,952374.31,952374.31
2027-06-10,Normal,238093.57,238093.57
2027-06-10,Normal,666662.02,666662.02
2027-06-10,Normal,352378.49,352378.49
2027-06-10,Normal,212287.84,212287.84
2027-06-10,Normal,1366635.41,1366635.41
2027-06-10,Normal,651848.61,651848.61
2027-06-10,Normal,562160.11,562160.11
2027-06-10,Normal,99391.66,99391.66
2027-06-10,Normal,333331.01,333331.01
2027-06-10,Normal,372718.74,372718.74
2027-06-10,Normal,272558.3,272558.3
2027-06-10,Normal,181705.53,181705.53
2027-06-13,Normal,373625.78,373625.78
2027-07-10,Normal,380949.72,380949.72
2027-07-10,Normal,301129.94,301129.94
2027-07-10,Normal,523805.87,523805.87
2027-07-10,Normal,407405.39,407405.39
2027-07-10,Normal,651848.61,651848.61
2027-07-10,Normal,203702.69,203702.69
2027-07-10,Normal,687084.59,687084.59
2027-07-10,Normal,272558.29,272558.29
2027-07-10,Normal,181705.53,181705.53
2027-07-10,Normal,99391.67,99391.67
2027-07-10,Normal,562160.11,562160.11
2027-07-10,Normal,372718.75,372718.75
2027-07-10,Normal,333331.01,333331.01
2027-07-10,Normal,352378.49,352378.49
2027-07-10,Normal,651848.62,651848.62
2027-07-10,Normal,238093.57,238093.57
2027-07-10,Normal,212287.83,212287.83
2027-07-10,Normal,1366635.41,1366635.41
2027-07-10,Normal,666662.01,666662.01
2027-07-10,Normal,181705.53,181705.53
2027-07-10,Normal,1242395.81,1242395.81
2027-07-10,Normal,952374.3,952374.3
2027-07-13,Normal,373625.78,373625.78
2027-08-10,Normal,181705.53,181705.53
2027-08-10,Normal,372718.76,372718.76
2027-08-10,Normal,407405.38,407405.38
2027-08-10,Normal,651848.61,651848.61
2027-08-10,Normal,99391.67,99391.67
2027-08-10,Normal,333331.01,333331.01
2027-08-10,Normal,651848.61,651848.61
2027-08-10,Normal,562160.11,562160.11
2027-08-10,Normal,212287.84,212287.84
2027-08-10,Normal,352378.49,352378.49
2027-08-10,Normal,666662.01,666662.01
2027-08-10,Normal,238093.57,238093.57
2027-08-10,Normal,523805.87,523805.87
2027-08-10,Normal,203702.69,203702.69
2027-08-10,Normal,301129.94,301129.94
2027-08-10,Normal,952374.32,952374.32
2027-08-10,Normal,272558.29,272558.29
2027-08-10,Normal,181705.53,181705.53
2027-08-13,Normal,373625.78,373625.78
2027-09-10,Normal,523805.87,523805.87
2027-09-10,Normal,301129.93,301129.93
2027-09-10,Normal,181705.53,181705.53
2027-09-10,Normal,272558.3,272558.3
2027-09-10,Normal,651848.62,651848.62
2027-09-10,Normal,562160.12,562160.12
2027-09-10,Normal,333331.01,333331.01
2027-09-10,Normal,407405.38,407405.38
2027-09-10,Normal,352378.49,352378.49
2027-09-10,Normal,212287.84,212287.84
2027-09-10,Normal,666662.01,666662.01
2027-09-10,Normal,203702.69,203702.69
2027-09-10,Normal,181705.53,181705.53
2027-09-10,Normal,651848.62,651848.62
2027-09-10,Normal,238093.59,238093.59
2027-09-13,Normal,373625.78,373625.78
2027-10-10,Normal,352378.49,352378.49
2027-10-10,Normal,523805.87,523805.87
2027-10-10,Normal,562160.11,562160.11
2027-10-10,Normal,301129.94,301129.94
2027-10-10,Normal,651848.61,651848.61
2027-10-10,Normal,181705.54,181705.54
2027-10-10,Normal,272558.3,272558.3
2027-10-10,Normal,407405.38,407405.38
2027-10-10,Normal,181705.54,181705.54
2027-10-10,Normal,651848.62,651848.62
2027-10-10,Normal,666662.0,666662.0
2027-10-10,Normal,203702.69,203702.69
2027-10-10,Normal,333331.01,333331.01
2027-10-10,Normal,212287.84,212287.84
2027-10-13,Normal,373625.78,373625.78
2027-11-10,Normal,333331.01,333331.01
2027-11-10,Normal,651848.62,651848.62
2027-11-10,Normal,651848.62,651848.62
2027-11-10,Normal,562160.11,562160.11
2027-11-10,Normal,407405.38,407405.38
2027-11-10,Normal,212287.84,212287.84
2027-11-10,Normal,352378.51,352378.51
2027-11-10,Normal,181705.54,181705.54
2027-11-10,Normal,301129.93,301129.93
2027-11-10,Normal,523805.87,523805.87
2027-11-10,Normal,272558.3,272558.3
2027-11-10,Normal,181705.54,181705.54
2027-11-13,Normal,373625.78,373625.78
2027-12-10,Normal,651848.61,651848.61
2027-12-10,Normal,407405.39,407405.39
2027-12-10,Normal,333331.01,333331.01
2027-12-10,Normal,562160.11,562160.11
2027-12-10,Normal,212287.83,212287.83
2027-12-10,Normal,301129.94,301129.94
2027-12-10,Normal,523805.88,523805.88
2027-12-10,Normal,651848.61,651848.61
2027-12-13,Normal,373625.78,373625.78
2028-01-10,Normal,301129.94,301129.94
2028-01-10,Normal,651848.62,651848.62
2028-01-10,Normal,212287.84,212287.84
2028-01-10,Normal,407405.38,407405.38
2028-01-10,Normal,562160.11,562160.11
2028-01-10,Normal,651848.61,651848.61
2028-01-10,Normal,333331.02,333331.02
2028-01-13,Normal,373625.78,373625.78
2028-02-10,Normal,212287.83,212287.83
2028-02-10,Normal,301129.94,301129.94
2028-02-10,Normal,651848.62,651848.62
2028-02-10,Normal,562160.12,562160.12
2028-02-10,Normal,651848.61,651848.61
2028-02-10,Normal,407405.38,407405.38
2028-02-13,Normal,373625.78,373625.78
2028-03-10,Normal,407405.39,407405.39
2028-03-10,Normal,212287.84,212287.84
2028-03-10,Normal,301129.94,301129.94
2028-03-10,Normal,562160.11,562160.11
2028-03-10,Normal,651848.61,651848.61
2028-03-10,Normal,651848.62,651848.62
2028-03-13,Normal,373625.78,373625.78
2028-04-10,Normal,212287.84,212287.84
2028-04-10,Normal,301129.93,301129.93
2028-04-10,Normal,562160.11,562160.11
2028-04-10,Normal,407405.38,407405.38
2028-04-10,Normal,651848.61,651848.61
2028-04-10,Normal,651848.61,651848.61
2028-04-13,Normal,373625.78,373625.78
2028-05-10,Normal,562160.11,562160.11
2028-05-10,Normal,407405.38,407405.38
2028-05-10,Normal,651848.61,651848.61
2028-05-10,Normal,212287.84,212287.84
2028-05-10,Normal,301129.94,301129.94
2028-05-13,Normal,373625.78,373625.78
2028-06-10,Normal,651848.61,651848.61
2028-06-10,Normal,212287.85,212287.85
2028-06-10,Normal,301129.94,301129.94
2028-06-10,Normal,407405.39,407405.39
2028-06-10,Normal,562160.12,562160.12
2028-06-13,Normal,373625.78,373625.78
2028-07-10,Normal,651848.61,651848.61
2028-07-10,Normal,407405.39,407405.39
2028-07-10,Normal,562160.12,562160.12
2028-07-13,Normal,373625.78,373625.78
2028-08-10,Normal,407405.37,407405.37
2028-08-10,Normal,651848.61,651848.61
2028-08-10,Normal,562160.11,562160.11
2028-09-10,Normal,562160.12,562160.12
2028-10-10,Normal,562160.12,562160.12
2028-11-10,Normal,562160.11,562160.11
2028-12-10,Normal,562160.11,562160.11
2029-01-10,Normal,562160.11,562160.11
2029-02-10,Normal,562160.11,562160.11
2029-03-10,Normal,562160.12,562160.12
2029-04-10,Normal,562160.12,562160.12
2029-05-10,Normal,562160.12,562160.12
2029-06-10,Normal,562160.12,562160.12
2029-07-10,Normal,562160.12,562160.12
